customer_id_legacy,transaction_id,purchase_amount,purchase_date,product_category,customer_rating,customer_id_new,social_media_platform,engagement_score,purchase_interest_score,review_sentiment,customer_engagement_score,moving_avg_7d,purchase_month,monthly_spending,review_sentiment_numeric
151,1001,6.064150031781524,2024-01-01,4,2.3,A176,Facebook,70.0,3.3,Negative,24.415660012712607,6.064150031781524,2024-01,6.064150031781524,-1
192,1002,5.887419835793152,2024-01-02,2,4.2,A108,Unknown,78.0,3.3,Neutral,26.74496793431726,5.887419835793152,2024-01,23.54967934317261,0
192,1002,5.887419835793152,2024-01-02,2,4.2,A108,Unknown,78.0,3.3,Neutral,26.74496793431726,5.887419835793152,2024-01,23.54967934317261,0
192,1002,5.887419835793152,2024-01-02,2,4.2,A108,Unknown,78.0,3.3,Neutral,26.74496793431726,5.887419835793152,2024-01,23.54967934317261,0
192,1002,5.887419835793152,2024-01-02,2,4.2,A108,Unknown,78.0,3.3,Neutral,26.74496793431726,5.887419835793152,2024-01,23.54967934317261,0
114,1003,6.128465728673883,2024-01-03,2,2.1,A171,Unknown,78.0,3.3,Neutral,26.84138629146955,6.128465728673883,2024-01,6.128465728673883,0
171,1004,5.546534167946187,2024-01-04,1,2.8,Unknown_ID,Unknown,78.0,3.3,Neutral,26.60861366717847,5.546534167946187,2024-01,5.546534167946187,0
160,1005,4.22967680536347,2024-01-05,1,1.3,Unknown_ID,Unknown,78.0,3.3,Neutral,26.081870722145386,4.22967680536347,2024-01,4.22967680536347,0
120,1006,5.971819082986928,2024-01-06,3,1.1,A159,Unknown,78.0,3.3,Neutral,26.77872763319477,5.971819082986928,2024-01,10.471820761890115,0
182,1007,4.465523490688638,2024-01-07,4,4.9,A193,TikTok,69.0,2.6,Negative,23.266209396275457,4.465523490688638,2024-01,4.465523490688638,-1
186,1008,6.015947361729471,2024-01-08,1,4.3,A160,TikTok,56.0,2.6,Positive,19.98637894469179,6.015947361729471,2024-01,18.047842085188414,1
186,1008,6.015947361729471,2024-01-08,1,4.3,A160,LinkedIn,73.0,2.0,Neutral,24.906378944691788,6.015947361729471,2024-01,18.047842085188414,0
186,1008,6.015947361729471,2024-01-08,1,4.3,A160,Instagram,89.0,2.9,Neutral,29.97637894469179,6.015947361729471,2024-01,18.047842085188414,0
174,1009,5.373527198755567,2024-01-09,2,3.8,A103,Instagram,77.0,2.3,Positive,25.939410879502226,5.373527198755567,2024-01,91.74517927066104,1
174,1009,5.373527198755567,2024-01-09,2,3.8,A103,Facebook,58.0,3.6,Positive,20.629410879502224,5.373527198755567,2024-01,91.74517927066104,1
174,1009,5.373527198755567,2024-01-09,2,3.8,A103,Instagram,58.0,2.7,Negative,20.359410879502224,5.373527198755567,2024-01,91.74517927066104,-1
174,1009,5.373527198755567,2024-01-09,2,3.8,A103,Instagram,77.0,2.3,Positive,25.939410879502226,5.373527198755567,2024-01,91.74517927066104,1
174,1009,5.373527198755567,2024-01-09,2,3.8,A103,Facebook,58.0,3.6,Positive,20.629410879502224,5.373527198755567,2024-01,91.74517927066104,1
174,1009,5.373527198755567,2024-01-09,2,3.8,A103,Instagram,58.0,2.7,Negative,20.359410879502224,5.373527198755567,2024-01,91.74517927066104,-1
174,1009,5.373527198755567,2024-01-09,2,3.8,A103,Instagram,77.0,2.3,Positive,25.939410879502226,5.373527198755567,2024-01,91.74517927066104,1
174,1009,5.373527198755567,2024-01-09,2,3.8,A103,Facebook,58.0,3.6,Positive,20.629410879502224,5.373527198755567,2024-01,91.74517927066104,1
174,1009,5.373527198755567,2024-01-09,2,3.8,A103,Instagram,58.0,2.7,Negative,20.359410879502224,5.373527198755567,2024-01,91.74517927066104,-1
174,1010,4.82038160909566,2024-01-10,4,2.6,A103,Instagram,77.0,2.3,Positive,25.718152643638263,5.294506400232723,2024-01,91.74517927066104,1
174,1010,4.82038160909566,2024-01-10,4,2.6,A103,Facebook,58.0,3.6,Positive,20.40815264363826,5.215485601709879,2024-01,91.74517927066104,1
174,1010,4.82038160909566,2024-01-10,4,2.6,A103,Instagram,58.0,2.7,Negative,20.13815264363826,5.136464803187036,2024-01,91.74517927066104,-1
174,1010,4.82038160909566,2024-01-10,4,2.6,A103,Instagram,77.0,2.3,Positive,25.718152643638263,5.057444004664191,2024-01,91.74517927066104,1
174,1010,4.82038160909566,2024-01-10,4,2.6,A103,Facebook,58.0,3.6,Positive,20.40815264363826,4.978423206141349,2024-01,91.74517927066104,1
174,1010,4.82038160909566,2024-01-10,4,2.6,A103,Instagram,58.0,2.7,Negative,20.13815264363826,4.899402407618504,2024-01,91.74517927066104,-1
174,1010,4.82038160909566,2024-01-10,4,2.6,A103,Instagram,77.0,2.3,Positive,25.718152643638263,4.82038160909566,2024-01,91.74517927066104,1
174,1010,4.82038160909566,2024-01-10,4,2.6,A103,Facebook,58.0,3.6,Positive,20.40815264363826,4.82038160909566,2024-01,91.74517927066104,1
174,1010,4.82038160909566,2024-01-10,4,2.6,A103,Instagram,58.0,2.7,Negative,20.13815264363826,4.82038160909566,2024-01,91.74517927066104,-1
187,1011,5.902356462637228,2024-01-11,4,1.7,A124,TikTok,75.0,4.6,Neutral,26.240942585054892,5.902356462637228,2024-01,72.1391561313967,0
187,1011,5.902356462637228,2024-01-11,4,1.7,A124,Facebook,95.0,3.7,Positive,31.970942585054893,5.902356462637228,2024-01,72.1391561313967,1
187,1011,5.902356462637228,2024-01-11,4,1.7,A124,LinkedIn,77.0,3.2,Positive,26.42094258505489,5.902356462637228,2024-01,72.1391561313967,1
187,1011,5.902356462637228,2024-01-11,4,1.7,A124,TikTok,75.0,4.6,Neutral,26.240942585054892,5.902356462637228,2024-01,72.1391561313967,0
187,1011,5.902356462637228,2024-01-11,4,1.7,A124,Facebook,95.0,3.7,Positive,31.970942585054893,5.902356462637228,2024-01,72.1391561313967,1
187,1011,5.902356462637228,2024-01-11,4,1.7,A124,LinkedIn,77.0,3.2,Positive,26.42094258505489,5.902356462637228,2024-01,72.1391561313967,1
199,1012,5.682523113317158,2024-01-12,2,1.6,A116,Twitter,78.0,1.1,Negative,26.00300924532686,5.682523113317158,2024-01,85.23784669975737,-1
199,1012,5.682523113317158,2024-01-12,2,1.6,A116,LinkedIn,89.0,2.4,Neutral,29.693009245326863,5.682523113317158,2024-01,85.23784669975737,0
199,1012,5.682523113317158,2024-01-12,2,1.6,A116,Instagram,81.0,4.6,Neutral,27.953009245326864,5.682523113317158,2024-01,85.23784669975737,0
199,1012,5.682523113317158,2024-01-12,2,1.6,A116,TikTok,83.0,1.2,Negative,27.533009245326863,5.682523113317158,2024-01,85.23784669975737,-1
199,1012,5.682523113317158,2024-01-12,2,1.6,A116,Twitter,78.0,1.1,Negative,26.00300924532686,5.682523113317158,2024-01,85.23784669975737,-1
199,1012,5.682523113317158,2024-01-12,2,1.6,A116,Twitter,78.0,1.1,Negative,26.00300924532686,5.682523113317158,2024-01,85.23784669975737,-1
199,1012,5.682523113317158,2024-01-12,2,1.6,A116,LinkedIn,89.0,2.4,Neutral,29.693009245326863,5.682523113317158,2024-01,85.23784669975737,0
199,1012,5.682523113317158,2024-01-12,2,1.6,A116,Instagram,81.0,4.6,Neutral,27.953009245326864,5.682523113317158,2024-01,85.23784669975737,0
199,1012,5.682523113317158,2024-01-12,2,1.6,A116,TikTok,83.0,1.2,Negative,27.533009245326863,5.682523113317158,2024-01,85.23784669975737,-1
199,1012,5.682523113317158,2024-01-12,2,1.6,A116,Twitter,78.0,1.1,Negative,26.00300924532686,5.682523113317158,2024-01,85.23784669975737,-1
199,1012,5.682523113317158,2024-01-12,2,1.6,A116,Twitter,78.0,1.1,Negative,26.00300924532686,5.682523113317158,2024-01,85.23784669975737,-1
199,1012,5.682523113317158,2024-01-12,2,1.6,A116,LinkedIn,89.0,2.4,Neutral,29.693009245326863,5.682523113317158,2024-01,85.23784669975737,0
199,1012,5.682523113317158,2024-01-12,2,1.6,A116,Instagram,81.0,4.6,Neutral,27.953009245326864,5.682523113317158,2024-01,85.23784669975737,0
199,1012,5.682523113317158,2024-01-12,2,1.6,A116,TikTok,83.0,1.2,Negative,27.533009245326863,5.682523113317158,2024-01,85.23784669975737,-1
199,1012,5.682523113317158,2024-01-12,2,1.6,A116,Twitter,78.0,1.1,Negative,26.00300924532686,5.682523113317158,2024-01,85.23784669975737,-1
123,1013,5.639241330024994,2024-01-13,1,2.0,Unknown_ID,Unknown,78.0,3.3,Neutral,26.645696532009996,5.639241330024994,2024-01,5.639241330024994,0
102,1014,4.679854122155144,2024-01-14,2,3.2,Unknown_ID,Unknown,78.0,3.3,Neutral,26.261941648862056,4.679854122155144,2024-01,4.679854122155144,0
121,1015,5.0193234161862375,2024-01-15,4,3.9,A185,TikTok,90.0,3.4,Neutral,30.027729366474496,5.0193234161862375,2024-01,168.7056357180581,0
121,1015,5.0193234161862375,2024-01-15,4,3.9,A185,Facebook,78.0,2.4,Positive,26.127729366474494,5.0193234161862375,2024-01,168.7056357180581,1
121,1015,5.0193234161862375,2024-01-15,4,3.9,A185,TikTok,59.0,3.6,Positive,20.787729366474494,5.0193234161862375,2024-01,168.7056357180581,1
121,1015,5.0193234161862375,2024-01-15,4,3.9,A185,TikTok,50.0,1.5,Negative,17.457729366474496,5.0193234161862375,2024-01,168.7056357180581,-1
121,1015,5.0193234161862375,2024-01-15,4,3.9,A185,TikTok,90.0,3.4,Neutral,30.027729366474496,5.0193234161862375,2024-01,168.7056357180581,0
121,1015,5.0193234161862375,2024-01-15,4,3.9,A185,Facebook,78.0,2.4,Positive,26.127729366474494,5.0193234161862375,2024-01,168.7056357180581,1
121,1015,5.0193234161862375,2024-01-15,4,3.9,A185,TikTok,59.0,3.6,Positive,20.787729366474494,5.0193234161862375,2024-01,168.7056357180581,1
121,1015,5.0193234161862375,2024-01-15,4,3.9,A185,TikTok,50.0,1.5,Negative,17.457729366474496,5.0193234161862375,2024-01,168.7056357180581,-1
121,1015,5.0193234161862375,2024-01-15,4,3.9,A185,TikTok,90.0,3.4,Neutral,30.027729366474496,5.0193234161862375,2024-01,168.7056357180581,0
121,1015,5.0193234161862375,2024-01-15,4,3.9,A185,Facebook,78.0,2.4,Positive,26.127729366474494,5.0193234161862375,2024-01,168.7056357180581,1
121,1015,5.0193234161862375,2024-01-15,4,3.9,A185,TikTok,59.0,3.6,Positive,20.787729366474494,5.0193234161862375,2024-01,168.7056357180581,1
121,1015,5.0193234161862375,2024-01-15,4,3.9,A185,TikTok,50.0,1.5,Negative,17.457729366474496,5.0193234161862375,2024-01,168.7056357180581,-1
121,1015,5.0193234161862375,2024-01-15,4,3.9,A185,TikTok,90.0,3.4,Neutral,30.027729366474496,5.0193234161862375,2024-01,168.7056357180581,0
121,1015,5.0193234161862375,2024-01-15,4,3.9,A185,Facebook,78.0,2.4,Positive,26.127729366474494,5.0193234161862375,2024-01,168.7056357180581,1
121,1015,5.0193234161862375,2024-01-15,4,3.9,A185,TikTok,59.0,3.6,Positive,20.787729366474494,5.0193234161862375,2024-01,168.7056357180581,1
121,1015,5.0193234161862375,2024-01-15,4,3.9,A185,TikTok,50.0,1.5,Negative,17.457729366474496,5.0193234161862375,2024-01,168.7056357180581,-1
152,1016,5.981897082798786,2024-01-16,0,3.6,A152,Facebook,95.0,4.1,Positive,32.12275883311951,5.981897082798786,2024-01,23.927588331195143,1
152,1016,5.981897082798786,2024-01-16,0,3.6,A152,Instagram,81.0,4.2,Positive,27.952758833119518,5.981897082798786,2024-01,23.927588331195143,1
152,1016,5.981897082798786,2024-01-16,0,3.6,A152,Facebook,95.0,4.1,Positive,32.12275883311951,5.981897082798786,2024-01,23.927588331195143,1
152,1016,5.981897082798786,2024-01-16,0,3.6,A152,Instagram,81.0,4.2,Positive,27.952758833119518,5.981897082798786,2024-01,23.927588331195143,1
101,1017,5.675738336148174,2024-01-17,0,2.1,A116,Twitter,78.0,1.1,Negative,26.000295334459267,5.675738336148174,2024-01,109.77417492006461,-1
101,1017,5.675738336148174,2024-01-17,0,2.1,A116,LinkedIn,89.0,2.4,Neutral,29.690295334459268,5.675738336148174,2024-01,109.77417492006461,0
101,1017,5.675738336148174,2024-01-17,0,2.1,A116,Instagram,81.0,4.6,Neutral,27.95029533445927,5.675738336148174,2024-01,109.77417492006461,0
101,1017,5.675738336148174,2024-01-17,0,2.1,A116,TikTok,83.0,1.2,Negative,27.530295334459268,5.675738336148174,2024-01,109.77417492006461,-1
101,1017,5.675738336148174,2024-01-17,0,2.1,A116,Twitter,78.0,1.1,Negative,26.000295334459267,5.675738336148174,2024-01,109.77417492006461,-1
101,1017,5.675738336148174,2024-01-17,0,2.1,A116,Twitter,78.0,1.1,Negative,26.000295334459267,5.675738336148174,2024-01,109.77417492006461,-1
101,1017,5.675738336148174,2024-01-17,0,2.1,A116,LinkedIn,89.0,2.4,Neutral,29.690295334459268,5.675738336148174,2024-01,109.77417492006461,0
101,1017,5.675738336148174,2024-01-17,0,2.1,A116,Instagram,81.0,4.6,Neutral,27.95029533445927,5.675738336148174,2024-01,109.77417492006461,0
101,1017,5.675738336148174,2024-01-17,0,2.1,A116,TikTok,83.0,1.2,Negative,27.530295334459268,5.675738336148174,2024-01,109.77417492006461,-1
101,1017,5.675738336148174,2024-01-17,0,2.1,A116,Twitter,78.0,1.1,Negative,26.000295334459267,5.675738336148174,2024-01,109.77417492006461,-1
187,1018,6.120836225928889,2024-01-18,3,4.8,A124,TikTok,75.0,4.6,Neutral,26.328334490371557,5.93356785739318,2024-01,72.1391561313967,0
187,1018,6.120836225928889,2024-01-18,3,4.8,A124,Facebook,95.0,3.7,Positive,32.05833449037156,5.964779252149131,2024-01,72.1391561313967,1
187,1018,6.120836225928889,2024-01-18,3,4.8,A124,LinkedIn,77.0,3.2,Positive,26.508334490371553,5.995990646905083,2024-01,72.1391561313967,1
187,1018,6.120836225928889,2024-01-18,3,4.8,A124,TikTok,75.0,4.6,Neutral,26.328334490371557,6.027202041661034,2024-01,72.1391561313967,0
187,1018,6.120836225928889,2024-01-18,3,4.8,A124,Facebook,95.0,3.7,Positive,32.05833449037156,6.058413436416985,2024-01,72.1391561313967,1
187,1018,6.120836225928889,2024-01-18,3,4.8,A124,LinkedIn,77.0,3.2,Positive,26.508334490371553,6.089624831172938,2024-01,72.1391561313967,1
129,1019,5.5920708454491725,2024-01-19,2,4.0,A163,TikTok,53.0,4.0,Neutral,19.336828338179668,5.5920708454491725,2024-01,22.36828338179669,0
129,1019,5.5920708454491725,2024-01-19,2,4.0,A163,TikTok,96.0,3.2,Neutral,31.996828338179668,5.5920708454491725,2024-01,22.36828338179669,0
129,1019,5.5920708454491725,2024-01-19,2,4.0,A163,TikTok,53.0,4.0,Neutral,19.336828338179668,5.5920708454491725,2024-01,22.36828338179669,0
129,1019,5.5920708454491725,2024-01-19,2,4.0,A163,TikTok,96.0,3.2,Neutral,31.996828338179668,5.5920708454491725,2024-01,22.36828338179669,0
137,1020,5.621979387880909,2024-01-20,2,3.2,A149,Facebook,51.0,1.3,Positive,17.938791755152362,5.621979387880909,2024-01,5.621979387880909,1
101,1021,5.301679155858287,2024-01-21,3,3.4,A116,Twitter,78.0,1.1,Negative,25.850671662343313,5.301679155858287,2024-01,109.77417492006461,-1
101,1021,5.301679155858287,2024-01-21,3,3.4,A116,LinkedIn,89.0,2.4,Neutral,29.540671662343314,5.301679155858287,2024-01,109.77417492006461,0
101,1021,5.301679155858287,2024-01-21,3,3.4,A116,Instagram,81.0,4.6,Neutral,27.800671662343316,5.461990233125381,2024-01,109.77417492006461,0
101,1021,5.301679155858287,2024-01-21,3,3.4,A116,TikTok,83.0,1.2,Negative,27.380671662343314,5.301679155858287,2024-01,109.77417492006461,-1
101,1021,5.301679155858287,2024-01-21,3,3.4,A116,Twitter,78.0,1.1,Negative,25.850671662343313,5.355116181613986,2024-01,109.77417492006461,-1
101,1021,5.301679155858287,2024-01-21,3,3.4,A116,Twitter,78.0,1.1,Negative,25.850671662343313,5.408553207369684,2024-01,109.77417492006461,-1
101,1021,5.301679155858287,2024-01-21,3,3.4,A116,LinkedIn,89.0,2.4,Neutral,29.540671662343314,5.301679155858287,2024-01,109.77417492006461,0
101,1021,5.301679155858287,2024-01-21,3,3.4,A116,Instagram,81.0,4.6,Neutral,27.800671662343316,5.51542725888108,2024-01,109.77417492006461,0
101,1021,5.301679155858287,2024-01-21,3,3.4,A116,TikTok,83.0,1.2,Negative,27.380671662343314,5.6223013103924755,2024-01,109.77417492006461,-1
101,1021,5.301679155858287,2024-01-21,3,3.4,A116,Twitter,78.0,1.1,Negative,25.850671662343313,5.568864284636779,2024-01,109.77417492006461,-1
163,1022,5.296085970299389,2024-01-22,3,2.7,A180,Facebook,57.0,3.8,Negative,20.358434388119754,5.296085970299389,2024-01,31.776515821796334,-1
163,1022,5.296085970299389,2024-01-22,3,2.7,A180,LinkedIn,98.0,2.1,Negative,32.14843438811975,5.296085970299389,2024-01,31.776515821796334,-1
163,1022,5.296085970299389,2024-01-22,3,2.7,A180,Facebook,57.0,3.8,Negative,20.358434388119754,5.296085970299389,2024-01,31.776515821796334,-1
163,1022,5.296085970299389,2024-01-22,3,2.7,A180,LinkedIn,98.0,2.1,Negative,32.14843438811975,5.296085970299389,2024-01,31.776515821796334,-1
163,1022,5.296085970299389,2024-01-22,3,2.7,A180,Facebook,57.0,3.8,Negative,20.358434388119754,5.296085970299389,2024-01,31.776515821796334,-1
163,1022,5.296085970299389,2024-01-22,3,2.7,A180,LinkedIn,98.0,2.1,Negative,32.14843438811975,5.296085970299389,2024-01,31.776515821796334,-1
159,1023,4.285266767979236,2024-01-23,3,2.0,A170,Unknown,78.0,3.3,Neutral,26.10410670719169,4.285266767979236,2024-01,12.855800303937707,0
159,1023,4.285266767979236,2024-01-23,3,2.0,A170,Unknown,78.0,3.3,Neutral,26.10410670719169,4.285266767979236,2024-01,12.855800303937707,0
159,1023,4.285266767979236,2024-01-23,3,2.0,A170,Unknown,78.0,3.3,Neutral,26.10410670719169,4.285266767979236,2024-01,12.855800303937707,0
120,1024,4.500001678903186,2024-01-24,4,2.4,A159,Unknown,78.0,3.3,Neutral,26.190000671561272,5.235910380945057,2024-01,10.471820761890115,0
132,1025,4.119760016963396,2024-01-25,2,4.0,A189,LinkedIn,78.0,2.7,Negative,25.857904006785358,4.119760016963396,2024-01,41.197600169633965,-1
132,1025,4.119760016963396,2024-01-25,2,4.0,A189,TikTok,99.0,4.1,Neutral,32.57790400678535,4.119760016963396,2024-01,41.197600169633965,0
132,1025,4.119760016963396,2024-01-25,2,4.0,A189,Facebook,94.0,3.8,Negative,30.987904006785357,4.119760016963396,2024-01,41.197600169633965,-1
132,1025,4.119760016963396,2024-01-25,2,4.0,A189,Twitter,59.0,3.8,Neutral,20.487904006785357,4.119760016963396,2024-01,41.197600169633965,0
132,1025,4.119760016963396,2024-01-25,2,4.0,A189,Twitter,59.0,3.8,Neutral,20.487904006785357,4.119760016963396,2024-01,41.197600169633965,0
132,1025,4.119760016963396,2024-01-25,2,4.0,A189,LinkedIn,78.0,2.7,Negative,25.857904006785358,4.119760016963396,2024-01,41.197600169633965,-1
132,1025,4.119760016963396,2024-01-25,2,4.0,A189,TikTok,99.0,4.1,Neutral,32.57790400678535,4.119760016963396,2024-01,41.197600169633965,0
132,1025,4.119760016963396,2024-01-25,2,4.0,A189,Facebook,94.0,3.8,Negative,30.987904006785357,4.119760016963396,2024-01,41.197600169633965,-1
132,1025,4.119760016963396,2024-01-25,2,4.0,A189,Twitter,59.0,3.8,Neutral,20.487904006785357,4.119760016963396,2024-01,41.197600169633965,0
132,1025,4.119760016963396,2024-01-25,2,4.0,A189,Twitter,59.0,3.8,Neutral,20.487904006785357,4.119760016963396,2024-01,41.197600169633965,0
175,1026,5.378300040642633,2024-01-26,4,1.1,A125,LinkedIn,66.0,4.7,Positive,23.361320016257054,5.378300040642633,2024-01,53.783000406426325,1
175,1026,5.378300040642633,2024-01-26,4,1.1,A125,Facebook,56.0,3.2,Neutral,19.911320016257054,5.378300040642633,2024-01,53.783000406426325,0
175,1026,5.378300040642633,2024-01-26,4,1.1,A125,Twitter,67.0,4.9,Positive,23.72132001625705,5.378300040642633,2024-01,53.783000406426325,1
175,1026,5.378300040642633,2024-01-26,4,1.1,A125,Twitter,77.0,2.5,Positive,26.00132001625705,5.378300040642633,2024-01,53.783000406426325,1
175,1026,5.378300040642633,2024-01-26,4,1.1,A125,LinkedIn,66.0,4.7,Positive,23.361320016257054,5.378300040642633,2024-01,53.783000406426325,1
175,1026,5.378300040642633,2024-01-26,4,1.1,A125,LinkedIn,66.0,4.7,Positive,23.361320016257054,5.378300040642633,2024-01,53.783000406426325,1
175,1026,5.378300040642633,2024-01-26,4,1.1,A125,Facebook,56.0,3.2,Neutral,19.911320016257054,5.378300040642633,2024-01,53.783000406426325,0
175,1026,5.378300040642633,2024-01-26,4,1.1,A125,Twitter,67.0,4.9,Positive,23.72132001625705,5.378300040642633,2024-01,53.783000406426325,1
175,1026,5.378300040642633,2024-01-26,4,1.1,A125,Twitter,77.0,2.5,Positive,26.00132001625705,5.378300040642633,2024-01,53.783000406426325,1
175,1026,5.378300040642633,2024-01-26,4,1.1,A125,LinkedIn,66.0,4.7,Positive,23.361320016257054,5.378300040642633,2024-01,53.783000406426325,1
157,1027,5.902313913362989,2024-01-27,3,1.5,A174,Facebook,95.0,2.9,Neutral,31.730925565345196,5.902313913362989,2024-01,35.41388348017794,0
157,1027,5.902313913362989,2024-01-27,3,1.5,A174,TikTok,64.0,3.8,Positive,22.700925565345194,5.902313913362989,2024-01,35.41388348017794,1
157,1027,5.902313913362989,2024-01-27,3,1.5,A174,Facebook,95.0,2.9,Neutral,31.730925565345196,5.902313913362989,2024-01,35.41388348017794,0
157,1027,5.902313913362989,2024-01-27,3,1.5,A174,TikTok,64.0,3.8,Positive,22.700925565345194,5.902313913362989,2024-01,35.41388348017794,1
157,1027,5.902313913362989,2024-01-27,3,1.5,A174,Facebook,95.0,2.9,Neutral,31.730925565345196,5.902313913362989,2024-01,35.41388348017794,0
157,1027,5.902313913362989,2024-01-27,3,1.5,A174,TikTok,64.0,3.8,Positive,22.700925565345194,5.902313913362989,2024-01,35.41388348017794,1
121,1028,5.524778816192392,2024-01-28,2,1.2,A185,TikTok,90.0,3.4,Neutral,30.229911526476958,5.091531330472831,2024-01,168.7056357180581,0
121,1028,5.524778816192392,2024-01-28,2,1.2,A185,Facebook,78.0,2.4,Positive,26.329911526476955,5.524778816192392,2024-01,168.7056357180581,1
121,1028,5.524778816192392,2024-01-28,2,1.2,A185,TikTok,59.0,3.6,Positive,20.98991152647696,5.524778816192392,2024-01,168.7056357180581,1
121,1028,5.524778816192392,2024-01-28,2,1.2,A185,TikTok,50.0,1.5,Negative,17.659911526476957,5.524778816192392,2024-01,168.7056357180581,-1
121,1028,5.524778816192392,2024-01-28,2,1.2,A185,TikTok,90.0,3.4,Neutral,30.229911526476958,5.524778816192392,2024-01,168.7056357180581,0
121,1028,5.524778816192392,2024-01-28,2,1.2,A185,Facebook,78.0,2.4,Positive,26.329911526476955,5.524778816192392,2024-01,168.7056357180581,1
121,1028,5.524778816192392,2024-01-28,2,1.2,A185,TikTok,59.0,3.6,Positive,20.98991152647696,5.524778816192392,2024-01,168.7056357180581,1
121,1028,5.524778816192392,2024-01-28,2,1.2,A185,TikTok,50.0,1.5,Negative,17.659911526476957,5.524778816192392,2024-01,168.7056357180581,-1
121,1028,5.524778816192392,2024-01-28,2,1.2,A185,TikTok,90.0,3.4,Neutral,30.229911526476958,5.524778816192392,2024-01,168.7056357180581,0
121,1028,5.524778816192392,2024-01-28,2,1.2,A185,Facebook,78.0,2.4,Positive,26.329911526476955,5.524778816192392,2024-01,168.7056357180581,1
121,1028,5.524778816192392,2024-01-28,2,1.2,A185,TikTok,59.0,3.6,Positive,20.98991152647696,5.524778816192392,2024-01,168.7056357180581,1
121,1028,5.524778816192392,2024-01-28,2,1.2,A185,TikTok,50.0,1.5,Negative,17.659911526476957,5.4525709019057995,2024-01,168.7056357180581,-1
121,1028,5.524778816192392,2024-01-28,2,1.2,A185,TikTok,90.0,3.4,Neutral,30.229911526476958,5.380362987619205,2024-01,168.7056357180581,0
121,1028,5.524778816192392,2024-01-28,2,1.2,A185,Facebook,78.0,2.4,Positive,26.329911526476955,5.308155073332612,2024-01,168.7056357180581,1
121,1028,5.524778816192392,2024-01-28,2,1.2,A185,TikTok,59.0,3.6,Positive,20.98991152647696,5.2359471590460185,2024-01,168.7056357180581,1
121,1028,5.524778816192392,2024-01-28,2,1.2,A185,TikTok,50.0,1.5,Negative,17.659911526476957,5.163739244759425,2024-01,168.7056357180581,-1
188,1029,5.698169978400207,2024-01-29,4,1.2,A192,Instagram,60.0,4.3,Positive,21.569267991360082,5.698169978400207,2024-01,5.698169978400207,1
148,1030,4.965495775538797,2024-01-30,4,4.4,Unknown_ID,Unknown,78.0,3.3,Neutral,26.376198310215518,4.965495775538797,2024-01,4.965495775538797,0
190,1031,5.781059929751224,2024-01-31,3,3.8,A133,Twitter,72.0,1.9,Positive,24.482423971900488,5.781059929751224,2024-01,34.68635957850735,1
190,1031,5.781059929751224,2024-01-31,3,3.8,A133,Twitter,71.0,4.8,Negative,25.05242397190049,5.781059929751224,2024-01,34.68635957850735,-1
190,1031,5.781059929751224,2024-01-31,3,3.8,A133,Instagram,52.0,2.7,Positive,18.722423971900486,5.781059929751224,2024-01,34.68635957850735,1
190,1031,5.781059929751224,2024-01-31,3,3.8,A133,Twitter,72.0,1.9,Positive,24.482423971900488,5.781059929751224,2024-01,34.68635957850735,1
190,1031,5.781059929751224,2024-01-31,3,3.8,A133,Twitter,71.0,4.8,Negative,25.05242397190049,5.781059929751224,2024-01,34.68635957850735,-1
190,1031,5.781059929751224,2024-01-31,3,3.8,A133,Instagram,52.0,2.7,Positive,18.722423971900486,5.781059929751224,2024-01,34.68635957850735,1
158,1032,4.678474421977777,2024-02-01,2,2.9,A126,TikTok,75.0,3.1,Neutral,25.30138976879111,4.678474421977777,2024-02,28.07084653186666,0
158,1032,4.678474421977777,2024-02-01,2,2.9,A126,Facebook,98.0,4.3,Negative,32.56138976879111,4.678474421977777,2024-02,28.07084653186666,-1
158,1032,4.678474421977777,2024-02-01,2,2.9,A126,TikTok,75.0,3.1,Neutral,25.30138976879111,4.678474421977777,2024-02,28.07084653186666,0
158,1032,4.678474421977777,2024-02-01,2,2.9,A126,Facebook,98.0,4.3,Negative,32.56138976879111,4.678474421977777,2024-02,28.07084653186666,-1
158,1032,4.678474421977777,2024-02-01,2,2.9,A126,TikTok,75.0,3.1,Neutral,25.30138976879111,4.678474421977777,2024-02,28.07084653186666,0
158,1032,4.678474421977777,2024-02-01,2,2.9,A126,Facebook,98.0,4.3,Negative,32.56138976879111,4.678474421977777,2024-02,28.07084653186666,-1
141,1033,5.304417102187776,2024-02-02,3,1.4,A107,Twitter,96.0,1.9,Neutral,31.49176684087511,5.304417102187776,2024-02,31.826502613126657,0
141,1033,5.304417102187776,2024-02-02,3,1.4,A107,Facebook,62.0,4.4,Positive,22.04176684087511,5.304417102187776,2024-02,31.826502613126657,1
141,1033,5.304417102187776,2024-02-02,3,1.4,A107,Twitter,73.0,4.2,Positive,25.28176684087511,5.304417102187776,2024-02,31.826502613126657,1
141,1033,5.304417102187776,2024-02-02,3,1.4,A107,Twitter,96.0,1.9,Neutral,31.49176684087511,5.304417102187776,2024-02,31.826502613126657,0
141,1033,5.304417102187776,2024-02-02,3,1.4,A107,Facebook,62.0,4.4,Positive,22.04176684087511,5.304417102187776,2024-02,31.826502613126657,1
141,1033,5.304417102187776,2024-02-02,3,1.4,A107,Twitter,73.0,4.2,Positive,25.28176684087511,5.304417102187776,2024-02,31.826502613126657,1
191,1034,4.461016401117815,2024-02-03,2,3.0,A102,LinkedIn,51.0,4.8,Neutral,18.524406560447126,4.461016401117815,2024-02,8.92203280223563,0
191,1034,4.461016401117815,2024-02-03,2,3.0,A102,LinkedIn,51.0,4.8,Neutral,18.524406560447126,4.461016401117815,2024-02,8.92203280223563,0
159,1035,4.656570230306473,2024-02-04,0,2.9,A170,Unknown,78.0,3.3,Neutral,26.252628092122585,4.378092633561045,2024-02,32.67268138487522,0
159,1035,4.656570230306473,2024-02-04,0,2.9,A170,Unknown,78.0,3.3,Neutral,26.252628092122585,4.433788152910131,2024-02,32.67268138487522,0
159,1035,4.656570230306473,2024-02-04,0,2.9,A170,Unknown,78.0,3.3,Neutral,26.252628092122585,4.470918499142854,2024-02,32.67268138487522,0
179,1036,6.108395589913634,2024-02-05,1,1.7,A174,Facebook,95.0,2.9,Neutral,31.813358235965456,6.108395589913634,2024-02,24.433582359654537,0
179,1036,6.108395589913634,2024-02-05,1,1.7,A174,TikTok,64.0,3.8,Positive,22.783358235965455,6.108395589913634,2024-02,24.433582359654537,1
179,1036,6.108395589913634,2024-02-05,1,1.7,A174,Facebook,95.0,2.9,Neutral,31.813358235965456,6.108395589913634,2024-02,24.433582359654537,0
179,1036,6.108395589913634,2024-02-05,1,1.7,A174,TikTok,64.0,3.8,Positive,22.783358235965455,6.108395589913634,2024-02,24.433582359654537,1
114,1037,5.129236455026301,2024-02-06,1,2.7,A171,Unknown,78.0,3.3,Neutral,26.441694582010516,5.628851091850092,2024-02,5.129236455026301,0
161,1038,5.767584966997037,2024-02-07,1,2.6,A118,Facebook,76.0,3.9,Negative,26.277033986798813,5.767584966997037,2024-02,14.560924804378546,-1
161,1039,4.256608828313861,2024-02-08,3,2.985,A118,Facebook,76.0,3.9,Negative,25.672643531325548,5.012096897655449,2024-02,14.560924804378546,-1
146,1040,5.120422623606794,2024-02-09,0,3.5,A113,Facebook,98.0,2.7,Neutral,32.258169049442714,5.120422623606794,2024-02,30.722535741640765,0
146,1040,5.120422623606794,2024-02-09,0,3.5,A113,Instagram,50.0,1.0,Positive,17.348169049442717,5.120422623606794,2024-02,30.722535741640765,1
146,1040,5.120422623606794,2024-02-09,0,3.5,A113,Facebook,98.0,2.7,Neutral,32.258169049442714,5.120422623606794,2024-02,30.722535741640765,0
146,1040,5.120422623606794,2024-02-09,0,3.5,A113,Instagram,50.0,1.0,Positive,17.348169049442717,5.120422623606794,2024-02,30.722535741640765,1
146,1040,5.120422623606794,2024-02-09,0,3.5,A113,Facebook,98.0,2.7,Neutral,32.258169049442714,5.120422623606794,2024-02,30.722535741640765,0
146,1040,5.120422623606794,2024-02-09,0,3.5,A113,Instagram,50.0,1.0,Positive,17.348169049442717,5.120422623606794,2024-02,30.722535741640765,1
161,1041,4.536731009067648,2024-02-10,2,1.2,A118,Facebook,76.0,3.9,Negative,25.784692403627062,4.853641601459516,2024-02,14.560924804378546,-1
150,1042,5.975459360017336,2024-02-11,4,2.985,A143,Instagram,68.0,1.2,Negative,23.15018374400693,5.975459360017336,2024-02,11.122313297760433,-1
154,1043,5.89823178663649,2024-02-12,2,2.985,Unknown_ID,Unknown,78.0,3.3,Neutral,26.749292714654594,5.89823178663649,2024-02,5.89823178663649,0
163,1044,6.104341409670188,2024-02-13,4,3.0,A180,Facebook,57.0,3.8,Negative,20.681736563868075,5.527016095833903,2024-02,36.62604845802113,-1
163,1044,6.104341409670188,2024-02-13,4,3.0,A180,LinkedIn,98.0,2.1,Negative,32.47173656386808,5.873411284135675,2024-02,36.62604845802113,-1
163,1044,6.104341409670188,2024-02-13,4,3.0,A180,Facebook,57.0,3.8,Negative,20.681736563868075,5.7579462213684165,2024-02,36.62604845802113,-1
163,1044,6.104341409670188,2024-02-13,4,3.0,A180,LinkedIn,98.0,2.1,Negative,32.47173656386808,5.642481158601159,2024-02,36.62604845802113,-1
163,1044,6.104341409670188,2024-02-13,4,3.0,A180,Facebook,57.0,3.8,Negative,20.681736563868075,5.988876346902932,2024-02,36.62604845802113,-1
163,1044,6.104341409670188,2024-02-13,4,3.0,A180,LinkedIn,98.0,2.1,Negative,32.47173656386808,5.411551033066646,2024-02,36.62604845802113,-1
102,1045,5.841745474102383,2024-02-14,2,4.4,Unknown_ID,Unknown,78.0,3.3,Neutral,26.72669818964095,5.2607997981287635,2024-02,5.841745474102383,0
150,1046,5.1468539377430975,2024-02-15,0,3.6,A143,Instagram,68.0,1.2,Negative,22.81874157509724,5.561156648880217,2024-02,11.122313297760433,-1
106,1047,6.068179898640932,2024-02-16,4,1.7,A121,LinkedIn,74.0,3.5,Positive,25.677271959456373,6.068179898640932,2024-02,24.27271959456373,1
106,1047,6.068179898640932,2024-02-16,4,1.7,A121,TikTok,95.0,3.2,Neutral,31.887271959456374,6.068179898640932,2024-02,24.27271959456373,0
106,1047,6.068179898640932,2024-02-16,4,1.7,A121,LinkedIn,74.0,3.5,Positive,25.677271959456373,6.068179898640932,2024-02,24.27271959456373,1
106,1047,6.068179898640932,2024-02-16,4,1.7,A121,TikTok,95.0,3.2,Neutral,31.887271959456374,6.068179898640932,2024-02,24.27271959456373,0
120,1048,5.6957896759158935,2024-02-17,3,1.3,A159,Unknown,78.0,3.3,Neutral,26.668315870366353,5.389203479268669,2024-02,5.6957896759158935,0
172,1049,5.442120179641596,2024-02-18,2,3.6,Unknown_ID,Unknown,78.0,3.3,Neutral,26.566848071856636,5.442120179641596,2024-02,5.442120179641596,0
138,1050,5.516236860281982,2024-02-19,2,1.1,A107,Twitter,96.0,1.9,Neutral,31.57649474411279,5.516236860281982,2024-02,49.64613174253783,0
138,1050,5.516236860281982,2024-02-19,2,1.1,A107,Facebook,62.0,4.4,Positive,22.12649474411279,5.516236860281982,2024-02,49.64613174253783,1
138,1050,5.516236860281982,2024-02-19,2,1.1,A107,Twitter,73.0,4.2,Positive,25.366494744112792,5.516236860281982,2024-02,49.64613174253783,1
138,1050,5.516236860281982,2024-02-19,2,1.1,A107,Twitter,96.0,1.9,Neutral,31.57649474411279,5.516236860281982,2024-02,49.64613174253783,0
138,1050,5.516236860281982,2024-02-19,2,1.1,A107,Facebook,62.0,4.4,Positive,22.12649474411279,5.516236860281982,2024-02,49.64613174253783,1
138,1050,5.516236860281982,2024-02-19,2,1.1,A107,Twitter,73.0,4.2,Positive,25.366494744112792,5.516236860281982,2024-02,49.64613174253783,1
138,1050,5.516236860281982,2024-02-19,2,1.1,A107,Twitter,96.0,1.9,Neutral,31.57649474411279,5.516236860281982,2024-02,49.64613174253783,0
138,1050,5.516236860281982,2024-02-19,2,1.1,A107,Facebook,62.0,4.4,Positive,22.12649474411279,5.516236860281982,2024-02,49.64613174253783,1
138,1050,5.516236860281982,2024-02-19,2,1.1,A107,Twitter,73.0,4.2,Positive,25.366494744112792,5.516236860281982,2024-02,49.64613174253783,1
117,1051,6.051263991354213,2024-02-20,4,3.3,Unknown_ID,Unknown,78.0,3.3,Neutral,26.81050559654168,6.051263991354213,2024-02,6.051263991354213,0
103,1052,6.0665592988832655,2024-02-21,3,4.8,A194,LinkedIn,89.0,4.0,Negative,30.326623719553304,6.0665592988832655,2024-02,6.0665592988832655,-1
188,1053,5.739399744105868,2024-02-22,3,3.3,A192,Instagram,60.0,4.3,Positive,21.585759897642347,5.718784861253038,2024-02,5.739399744105868,1
159,1054,6.234323564651933,2024-02-23,0,2.6,A170,Unknown,78.0,3.3,Neutral,26.88372942586077,5.279706878979208,2024-02,32.67268138487522,0
159,1054,6.234323564651933,2024-02-23,0,2.6,A170,Unknown,78.0,3.3,Neutral,26.88372942586077,5.001270193740251,2024-02,32.67268138487522,0
159,1054,6.234323564651933,2024-02-23,0,2.6,A170,Unknown,78.0,3.3,Neutral,26.88372942586077,4.722833508501294,2024-02,32.67268138487522,0
113,1055,5.195649691006635,2024-02-24,3,3.6,A196,Instagram,85.0,3.9,Negative,28.748259876402656,5.195649691006635,2024-02,5.195649691006635,-1
108,1056,5.140338501276238,2024-02-25,3,2.8,Unknown_ID,Unknown,78.0,3.3,Neutral,26.446135400510492,5.140338501276238,2024-02,5.140338501276238,0
189,1057,5.569002971270538,2024-02-26,3,3.2,A173,TikTok,63.0,4.3,Negative,22.417601188508215,5.569002971270538,2024-02,11.138005942541076,-1
189,1057,5.569002971270538,2024-02-26,3,3.2,A173,Facebook,78.0,3.9,Negative,26.797601188508217,5.569002971270538,2024-02,11.138005942541076,-1
152,1058,5.781920902796101,2024-02-27,1,4.8,A152,Facebook,95.0,4.1,Positive,32.04276836111844,5.941901846798249,2024-02,23.127683611184406,1
152,1058,5.781920902796101,2024-02-27,1,4.8,A152,Instagram,81.0,4.2,Positive,27.872768361118442,5.915238356131224,2024-02,23.127683611184406,1
152,1058,5.781920902796101,2024-02-27,1,4.8,A152,Facebook,95.0,4.1,Positive,32.04276836111844,5.896193005654778,2024-02,23.127683611184406,1
152,1058,5.781920902796101,2024-02-27,1,4.8,A152,Instagram,81.0,4.2,Positive,27.872768361118442,5.867624979940109,2024-02,23.127683611184406,1
101,1059,6.105863423194044,2024-02-28,0,2.5,A116,Twitter,78.0,1.1,Negative,26.172345369277615,6.105863423194044,2024-02,61.05863423194044,-1
101,1059,6.105863423194044,2024-02-28,0,2.5,A116,LinkedIn,89.0,2.4,Neutral,29.862345369277616,6.105863423194044,2024-02,61.05863423194044,0
101,1059,6.105863423194044,2024-02-28,0,2.5,A116,Instagram,81.0,4.6,Neutral,28.122345369277618,5.990979956431793,2024-02,61.05863423194044,0
101,1059,6.105863423194044,2024-02-28,0,2.5,A116,TikTok,83.0,1.2,Negative,27.702345369277616,6.105863423194044,2024-02,61.05863423194044,-1
101,1059,6.105863423194044,2024-02-28,0,2.5,A116,Twitter,78.0,1.1,Negative,26.172345369277615,5.876096489669542,2024-02,61.05863423194044,-1
101,1059,6.105863423194044,2024-02-28,0,2.5,A116,Twitter,78.0,1.1,Negative,26.172345369277615,5.761213022907291,2024-02,61.05863423194044,-1
101,1059,6.105863423194044,2024-02-28,0,2.5,A116,LinkedIn,89.0,2.4,Neutral,29.862345369277616,6.105863423194044,2024-02,61.05863423194044,0
101,1059,6.105863423194044,2024-02-28,0,2.5,A116,Instagram,81.0,4.6,Neutral,28.122345369277618,5.646329556145041,2024-02,61.05863423194044,0
101,1059,6.105863423194044,2024-02-28,0,2.5,A116,TikTok,83.0,1.2,Negative,27.702345369277616,5.531446089382789,2024-02,61.05863423194044,-1
101,1059,6.105863423194044,2024-02-28,0,2.5,A116,Twitter,78.0,1.1,Negative,26.172345369277615,5.416562622620538,2024-02,61.05863423194044,-1
183,1060,5.580548913590978,2024-02-29,2,4.8,A183,TikTok,90.0,4.1,Positive,30.462219565436392,5.580548913590978,2024-02,22.322195654363913,1
183,1060,5.580548913590978,2024-02-29,2,4.8,A183,TikTok,72.0,5.0,Positive,25.33221956543639,5.580548913590978,2024-02,22.322195654363913,1
183,1060,5.580548913590978,2024-02-29,2,4.8,A183,TikTok,90.0,4.1,Positive,30.462219565436392,5.580548913590978,2024-02,22.322195654363913,1
183,1060,5.580548913590978,2024-02-29,2,4.8,A183,TikTok,72.0,5.0,Positive,25.33221956543639,5.580548913590978,2024-02,22.322195654363913,1
191,1061,6.22447573969418,2024-03-01,4,4.6,A102,LinkedIn,51.0,4.8,Neutral,19.229790295877674,5.3427460704059975,2024-03,12.44895147938836,0
191,1061,6.22447573969418,2024-03-01,4,4.6,A102,LinkedIn,51.0,4.8,Neutral,19.229790295877674,5.04883618064327,2024-03,12.44895147938836,0
159,1062,5.3047780439058725,2024-03-02,2,1.8,A170,Unknown,78.0,3.3,Neutral,26.511911217562346,5.517952463197212,2024-03,15.914334131717617,0
159,1062,5.3047780439058725,2024-03-02,2,1.8,A170,Unknown,78.0,3.3,Neutral,26.511911217562346,5.610553579425699,2024-03,15.914334131717617,0
159,1062,5.3047780439058725,2024-03-02,2,1.8,A170,Unknown,78.0,3.3,Neutral,26.511911217562346,5.425351346968727,2024-03,15.914334131717617,0
170,1063,5.974699775363869,2024-03-03,0,1.3,A181,Twitter,66.0,2.1,Positive,22.81987991014555,5.974699775363869,2024-03,5.974699775363869,1
143,1064,5.406096275111594,2024-03-04,4,1.4,Unknown_ID,Unknown,78.0,3.3,Neutral,26.552438510044635,5.406096275111594,2024-03,11.491007197636634,0
107,1065,5.647153189446684,2024-03-05,0,1.1,Unknown_ID,Unknown,78.0,3.3,Neutral,26.64886127577867,5.647153189446684,2024-03,5.647153189446684,0
146,1066,5.858799475590089,2024-03-06,3,1.4,A113,Facebook,98.0,2.7,Neutral,32.55351979023604,5.331387438459164,2024-03,35.152796853540536,0
146,1066,5.858799475590089,2024-03-06,3,1.4,A113,Instagram,50.0,1.0,Positive,17.643519790236038,5.753317068163905,2024-03,35.152796853540536,1
146,1066,5.858799475590089,2024-03-06,3,1.4,A113,Facebook,98.0,2.7,Neutral,32.55351979023604,5.647834660737719,2024-03,35.152796853540536,0
146,1066,5.858799475590089,2024-03-06,3,1.4,A113,Instagram,50.0,1.0,Positive,17.643519790236038,5.436869845885348,2024-03,35.152796853540536,1
146,1066,5.858799475590089,2024-03-06,3,1.4,A113,Facebook,98.0,2.7,Neutral,32.55351979023604,5.542352253311535,2024-03,35.152796853540536,0
146,1066,5.858799475590089,2024-03-06,3,1.4,A113,Instagram,50.0,1.0,Positive,17.643519790236038,5.22590503103298,2024-03,35.152796853540536,1
134,1067,5.621016731058472,2024-03-07,4,3.7,A120,Facebook,83.0,1.4,Positive,27.568406692423387,5.621016731058472,2024-03,16.863050193175418,1
134,1067,5.621016731058472,2024-03-07,4,3.7,A120,Instagram,56.0,3.0,Positive,19.94840669242339,5.621016731058472,2024-03,16.863050193175418,1
134,1067,5.621016731058472,2024-03-07,4,3.7,A120,Instagram,92.0,3.6,Positive,30.928406692423387,5.621016731058472,2024-03,16.863050193175418,1
177,1068,5.373544533070196,2024-03-08,3,1.3,A174,Facebook,95.0,2.9,Neutral,31.519417813228078,5.373544533070196,2024-03,21.494178132280783,0
177,1068,5.373544533070196,2024-03-08,3,1.3,A174,TikTok,64.0,3.8,Positive,22.48941781322808,5.373544533070196,2024-03,21.494178132280783,1
177,1068,5.373544533070196,2024-03-08,3,1.3,A174,Facebook,95.0,2.9,Neutral,31.519417813228078,5.373544533070196,2024-03,21.494178132280783,0
177,1068,5.373544533070196,2024-03-08,3,1.3,A174,TikTok,64.0,3.8,Positive,22.48941781322808,5.373544533070196,2024-03,21.494178132280783,1
180,1069,5.3030620670032285,2024-03-09,2,2.3,A121,LinkedIn,74.0,3.5,Positive,25.371224826801292,5.3030620670032285,2024-03,21.212248268012914,1
180,1069,5.3030620670032285,2024-03-09,2,2.3,A121,TikTok,95.0,3.2,Neutral,31.581224826801293,5.3030620670032285,2024-03,21.212248268012914,0
180,1069,5.3030620670032285,2024-03-09,2,2.3,A121,LinkedIn,74.0,3.5,Positive,25.371224826801292,5.3030620670032285,2024-03,21.212248268012914,1
180,1069,5.3030620670032285,2024-03-09,2,2.3,A121,TikTok,95.0,3.2,Neutral,31.581224826801293,5.3030620670032285,2024-03,21.212248268012914,0
135,1070,5.978043641369946,2024-03-10,2,2.985,A129,Twitter,54.0,4.5,Neutral,19.941217456547978,5.978043641369946,2024-03,5.978043641369946,0
149,1071,6.0394517866046025,2024-03-11,4,1.1,A131,LinkedIn,87.0,3.0,Positive,29.415780714641837,6.0394517866046025,2024-03,6.0394517866046025,1
103,1072,5.360715931598491,2024-03-12,4,4.3,A194,LinkedIn,89.0,4.0,Negative,30.044286372639395,5.713637615240878,2024-03,10.36304367155956,-1
101,1073,4.932056440412667,2024-03-13,0,2.1,A116,Twitter,78.0,1.1,Negative,25.702822576165065,4.932056440412667,2024-03,49.32056440412667,-1
101,1073,4.932056440412667,2024-03-13,0,2.1,A116,LinkedIn,89.0,2.4,Neutral,29.392822576165067,4.932056440412667,2024-03,49.32056440412667,0
101,1073,4.932056440412667,2024-03-13,0,2.1,A116,Instagram,81.0,4.6,Neutral,27.652822576165068,5.938176711368134,2024-03,49.32056440412667,0
101,1073,4.932056440412667,2024-03-13,0,2.1,A116,TikTok,83.0,1.2,Negative,27.232822576165066,5.770489999542222,2024-03,49.32056440412667,-1
101,1073,4.932056440412667,2024-03-13,0,2.1,A116,Twitter,78.0,1.1,Negative,25.702822576165065,5.602803287716311,2024-03,49.32056440412667,-1
101,1073,4.932056440412667,2024-03-13,0,2.1,A116,Twitter,78.0,1.1,Negative,25.702822576165065,5.4351165758904,2024-03,49.32056440412667,-1
101,1073,4.932056440412667,2024-03-13,0,2.1,A116,LinkedIn,89.0,2.4,Neutral,29.392822576165067,5.267429864064489,2024-03,49.32056440412667,0
101,1073,4.932056440412667,2024-03-13,0,2.1,A116,Instagram,81.0,4.6,Neutral,27.652822576165068,5.099743152238578,2024-03,49.32056440412667,0
101,1073,4.932056440412667,2024-03-13,0,2.1,A116,TikTok,83.0,1.2,Negative,27.232822576165066,4.932056440412667,2024-03,49.32056440412667,-1
101,1073,4.932056440412667,2024-03-13,0,2.1,A116,Twitter,78.0,1.1,Negative,25.702822576165065,4.932056440412667,2024-03,49.32056440412667,-1
105,1074,5.662466889379516,2024-03-14,0,1.5,A163,TikTok,53.0,4.0,Neutral,19.364986755751804,5.662466889379516,2024-03,22.649867557518064,0
105,1074,5.662466889379516,2024-03-14,0,1.5,A163,TikTok,96.0,3.2,Neutral,32.024986755751804,5.662466889379516,2024-03,22.649867557518064,0
105,1074,5.662466889379516,2024-03-14,0,1.5,A163,TikTok,53.0,4.0,Neutral,19.364986755751804,5.662466889379516,2024-03,22.649867557518064,0
105,1074,5.662466889379516,2024-03-14,0,1.5,A163,TikTok,96.0,3.2,Neutral,32.024986755751804,5.662466889379516,2024-03,22.649867557518064,0
153,1075,5.511630536772305,2024-03-15,3,3.8,Unknown_ID,Unknown,78.0,3.3,Neutral,26.59465221470892,5.511630536772305,2024-03,11.478301334299928,0
103,1076,5.002327739961068,2024-03-16,4,3.5,A194,LinkedIn,89.0,4.0,Negative,29.900931095984426,5.476534323480941,2024-03,10.36304367155956,-1
153,1077,5.966670797527623,2024-03-17,2,4.5,Unknown_ID,Unknown,78.0,3.3,Neutral,26.776668319011048,5.739150667149964,2024-03,11.478301334299928,0
192,1078,6.290404694575495,2024-03-18,0,3.9,A108,Unknown,78.0,3.3,Neutral,26.906161877830197,5.968016807549621,2024-03,25.16161877830198,0
192,1078,6.290404694575495,2024-03-18,0,3.9,A108,Unknown,78.0,3.3,Neutral,26.906161877830197,6.021748122053933,2024-03,25.16161877830198,0
192,1078,6.290404694575495,2024-03-18,0,3.9,A108,Unknown,78.0,3.3,Neutral,26.906161877830197,6.060127632414156,2024-03,25.16161877830198,0
192,1078,6.290404694575495,2024-03-18,0,3.9,A108,Unknown,78.0,3.3,Neutral,26.906161877830197,6.11769689795449,2024-03,25.16161877830198,0
162,1079,4.70575135341953,2024-03-19,0,4.2,A110,Unknown,78.0,3.3,Neutral,26.27230054136781,4.70575135341953,2024-03,14.117254060258592,0
162,1079,4.70575135341953,2024-03-19,0,4.2,A110,Unknown,78.0,3.3,Neutral,26.27230054136781,4.70575135341953,2024-03,14.117254060258592,0
162,1079,4.70575135341953,2024-03-19,0,4.2,A110,Unknown,78.0,3.3,Neutral,26.27230054136781,4.70575135341953,2024-03,14.117254060258592,0
117,1080,5.71325372497514,2024-03-20,2,2.1,Unknown_ID,Unknown,78.0,3.3,Neutral,26.67530148999005,5.882258858164676,2024-03,5.71325372497514,0
189,1081,5.752699493300688,2024-03-21,0,2.985,A173,TikTok,63.0,4.3,Negative,22.491079797320275,5.660851232285613,2024-03,11.505398986601376,-1
189,1081,5.752699493300688,2024-03-21,0,2.985,A173,Facebook,78.0,3.9,Negative,26.871079797320277,5.630235145280587,2024-03,11.505398986601376,-1
143,1082,6.084910922525039,2024-03-22,3,4.0,Unknown_ID,Unknown,78.0,3.3,Neutral,26.823964369010014,5.745503598818317,2024-03,11.491007197636634,0
133,1083,6.034530432337624,2024-03-23,4,4.2,Unknown_ID,Unknown,78.0,3.3,Neutral,26.803812172935046,6.034530432337624,2024-03,6.034530432337624,0
173,1084,5.068969448521256,2024-03-24,2,5.0,A194,LinkedIn,89.0,4.0,Negative,29.9275877794085,5.068969448521256,2024-03,5.068969448521256,-1
161,1085,5.085462903097649,2024-03-25,4,2.7,A118,Facebook,76.0,3.9,Negative,26.004185161239057,4.9115969268690485,2024-03,5.085462903097649,-1
199,1086,5.053161348034132,2024-03-26,0,2.5,A116,Twitter,78.0,1.1,Negative,25.75126453921365,5.053161348034132,2024-03,75.79742022051198,-1
199,1086,5.053161348034132,2024-03-26,0,2.5,A116,LinkedIn,89.0,2.4,Neutral,29.441264539213652,5.053161348034132,2024-03,75.79742022051198,0
199,1086,5.053161348034132,2024-03-26,0,2.5,A116,Instagram,81.0,4.6,Neutral,27.701264539213653,5.053161348034132,2024-03,75.79742022051198,0
199,1086,5.053161348034132,2024-03-26,0,2.5,A116,TikTok,83.0,1.2,Negative,27.28126453921365,5.053161348034132,2024-03,75.79742022051198,-1
199,1086,5.053161348034132,2024-03-26,0,2.5,A116,Twitter,78.0,1.1,Negative,25.75126453921365,5.053161348034132,2024-03,75.79742022051198,-1
199,1086,5.053161348034132,2024-03-26,0,2.5,A116,Twitter,78.0,1.1,Negative,25.75126453921365,5.053161348034132,2024-03,75.79742022051198,-1
199,1086,5.053161348034132,2024-03-26,0,2.5,A116,LinkedIn,89.0,2.4,Neutral,29.441264539213652,5.053161348034132,2024-03,75.79742022051198,0
199,1086,5.053161348034132,2024-03-26,0,2.5,A116,Instagram,81.0,4.6,Neutral,27.701264539213653,5.053161348034132,2024-03,75.79742022051198,0
199,1086,5.053161348034132,2024-03-26,0,2.5,A116,TikTok,83.0,1.2,Negative,27.28126453921365,5.232978995257854,2024-03,75.79742022051198,-1
199,1086,5.053161348034132,2024-03-26,0,2.5,A116,Twitter,78.0,1.1,Negative,25.75126453921365,5.053161348034132,2024-03,75.79742022051198,-1
199,1086,5.053161348034132,2024-03-26,0,2.5,A116,Twitter,78.0,1.1,Negative,25.75126453921365,5.592614289705297,2024-03,75.79742022051198,-1
199,1086,5.053161348034132,2024-03-26,0,2.5,A116,LinkedIn,89.0,2.4,Neutral,29.441264539213652,5.322887818869715,2024-03,75.79742022051198,0
199,1086,5.053161348034132,2024-03-26,0,2.5,A116,Instagram,81.0,4.6,Neutral,27.701264539213653,5.143070171645993,2024-03,75.79742022051198,0
199,1086,5.053161348034132,2024-03-26,0,2.5,A116,TikTok,83.0,1.2,Negative,27.28126453921365,5.412796642481576,2024-03,75.79742022051198,-1
199,1086,5.053161348034132,2024-03-26,0,2.5,A116,Twitter,78.0,1.1,Negative,25.75126453921365,5.5027054660934365,2024-03,75.79742022051198,-1
113,1087,6.237747573525071,2024-03-27,0,4.1,A196,Instagram,85.0,3.9,Negative,29.16509902941003,5.716698632265853,2024-03,6.237747573525071,-1
194,1088,4.819560926003821,2024-03-28,2,2.4,A110,Unknown,78.0,3.3,Neutral,26.317824370401524,4.819560926003821,2024-03,4.819560926003821,0
147,1089,5.471460927695264,2024-03-29,3,2.985,A159,Unknown,78.0,3.3,Neutral,26.578584371078104,5.471460927695264,2024-03,5.471460927695264,0
114,1090,5.112443053947592,2024-03-30,1,4.4,A171,Unknown,78.0,3.3,Neutral,26.434977221579032,5.456715079215925,2024-03,5.112443053947592,0
171,1091,3.93497515294442,2024-03-31,2,2.7,Unknown_ID,Unknown,78.0,3.3,Neutral,25.963990061177764,4.740754660445304,2024-03,3.93497515294442,0
177,1092,5.254286844444845,2024-04-01,1,4.0,A174,Facebook,95.0,2.9,Neutral,31.47171473777794,5.3496929953451255,2024-04,21.01714737777938,0
177,1092,5.254286844444845,2024-04-01,1,4.0,A174,TikTok,64.0,3.8,Positive,22.44171473777794,5.33379197019508,2024-04,21.01714737777938,1
177,1092,5.254286844444845,2024-04-01,1,4.0,A174,Facebook,95.0,2.9,Neutral,31.47171473777794,5.322434095087902,2024-04,21.01714737777938,0
177,1092,5.254286844444845,2024-04-01,1,4.0,A174,TikTok,64.0,3.8,Positive,22.44171473777794,5.305397282427139,2024-04,21.01714737777938,1
186,1093,5.527481835334196,2024-04-02,1,4.0,A160,TikTok,56.0,2.6,Positive,19.79099273413368,5.820561151171361,2024-04,16.58244550600259,1
186,1093,5.527481835334196,2024-04-02,1,4.0,A160,LinkedIn,73.0,2.0,Neutral,24.71099273413368,5.8938309801306525,2024-04,16.58244550600259,0
186,1093,5.527481835334196,2024-04-02,1,4.0,A160,Instagram,89.0,2.9,Neutral,29.78099273413368,5.771714598531833,2024-04,16.58244550600259,0
161,1094,4.73759584688574,2024-04-03,3,1.4,A118,Facebook,76.0,3.9,Negative,25.865038338754296,4.876796710872386,2024-04,4.73759584688574,-1
139,1095,6.065691016893766,2024-04-04,1,4.6,A117,LinkedIn,98.0,3.8,Neutral,32.9662764067575,6.065691016893766,2024-04,36.394146101362594,0
139,1095,6.065691016893766,2024-04-04,1,4.6,A117,LinkedIn,78.0,3.9,Neutral,26.996276406757502,6.065691016893766,2024-04,36.394146101362594,0
139,1095,6.065691016893766,2024-04-04,1,4.6,A117,LinkedIn,98.0,3.8,Neutral,32.9662764067575,6.065691016893766,2024-04,36.394146101362594,0
139,1095,6.065691016893766,2024-04-04,1,4.6,A117,LinkedIn,78.0,3.9,Neutral,26.996276406757502,6.065691016893766,2024-04,36.394146101362594,0
139,1095,6.065691016893766,2024-04-04,1,4.6,A117,LinkedIn,98.0,3.8,Neutral,32.9662764067575,6.065691016893766,2024-04,36.394146101362594,0
139,1095,6.065691016893766,2024-04-04,1,4.6,A117,LinkedIn,78.0,3.9,Neutral,26.996276406757502,6.065691016893766,2024-04,36.394146101362594,0
184,1096,5.59660705583203,2024-04-05,1,3.0,Unknown_ID,Unknown,78.0,3.3,Neutral,26.62864282233281,5.59660705583203,2024-04,5.59660705583203,0
179,1097,5.707319428623108,2024-04-06,3,4.3,A174,Facebook,95.0,2.9,Neutral,31.652927771449246,6.028180357655529,2024-04,22.82927771449243,0
179,1097,5.707319428623108,2024-04-06,3,4.3,A174,TikTok,64.0,3.8,Positive,22.62292777144924,5.974703536150126,2024-04,22.82927771449243,1
179,1097,5.707319428623108,2024-04-06,3,4.3,A174,Facebook,95.0,2.9,Neutral,31.652927771449246,5.936505806503409,2024-04,22.82927771449243,0
179,1097,5.707319428623108,2024-04-06,3,4.3,A174,TikTok,64.0,3.8,Positive,22.62292777144924,5.879209212033333,2024-04,22.82927771449243,1
181,1098,6.087776871970724,2024-04-07,1,2.985,A177,LinkedIn,77.0,1.4,Positive,25.95511074878829,6.087776871970724,2024-04,24.351107487882896,1
181,1098,6.087776871970724,2024-04-07,1,2.985,A177,Twitter,65.0,1.3,Positive,22.32511074878829,6.087776871970724,2024-04,24.351107487882896,1
181,1098,6.087776871970724,2024-04-07,1,2.985,A177,LinkedIn,77.0,1.4,Positive,25.95511074878829,6.087776871970724,2024-04,24.351107487882896,1
181,1098,6.087776871970724,2024-04-07,1,2.985,A177,Twitter,65.0,1.3,Positive,22.32511074878829,6.087776871970724,2024-04,24.351107487882896,1
152,1099,6.080161270849553,2024-04-08,1,4.6,A152,Facebook,95.0,4.1,Positive,32.16206450833982,5.881662721090218,2024-04,24.32064508339821,1
152,1099,6.080161270849553,2024-04-08,1,4.6,A152,Instagram,81.0,4.2,Positive,27.992064508339823,5.8957004622403275,2024-04,24.32064508339821,1
152,1099,6.080161270849553,2024-04-08,1,4.6,A152,Facebook,95.0,4.1,Positive,32.16206450833982,5.909738203390439,2024-04,24.32064508339821,1
152,1099,6.080161270849553,2024-04-08,1,4.6,A152,Instagram,81.0,4.2,Positive,27.992064508339823,5.9523439702552166,2024-04,24.32064508339821,1
123,1100,5.195340697260953,2024-04-09,1,2.6,Unknown_ID,Unknown,78.0,3.3,Neutral,26.468136278904378,5.4172910136429735,2024-04,5.195340697260953,0
125,1101,5.197288317197039,2024-04-10,2,2.985,A166,Instagram,90.0,3.8,Neutral,30.218915326878815,5.197288317197039,2024-04,31.183729903182233,0
125,1101,5.197288317197039,2024-04-10,2,2.985,A166,Instagram,74.0,4.3,Neutral,25.568915326878813,5.197288317197039,2024-04,31.183729903182233,0
125,1101,5.197288317197039,2024-04-10,2,2.985,A166,TikTok,56.0,1.5,Neutral,19.328915326878814,5.197288317197039,2024-04,31.183729903182233,0
125,1101,5.197288317197039,2024-04-10,2,2.985,A166,Instagram,90.0,3.8,Neutral,30.218915326878815,5.197288317197039,2024-04,31.183729903182233,0
125,1101,5.197288317197039,2024-04-10,2,2.985,A166,Instagram,74.0,4.3,Neutral,25.568915326878813,5.197288317197039,2024-04,31.183729903182233,0
125,1101,5.197288317197039,2024-04-10,2,2.985,A166,TikTok,56.0,1.5,Neutral,19.328915326878814,5.197288317197039,2024-04,31.183729903182233,0
188,1102,4.567390287202255,2024-04-11,2,4.6,A192,Instagram,60.0,4.3,Positive,21.1169561148809,5.334986669902777,2024-04,10.491161458895505,1
159,1103,5.49689057707933,2024-04-12,2,1.4,A170,Unknown,78.0,3.3,Neutral,26.58875623083173,5.519904203943935,2024-04,16.49067173123799,0
159,1103,5.49689057707933,2024-04-12,2,1.4,A170,Unknown,78.0,3.3,Neutral,26.58875623083173,5.730599343250391,2024-04,16.49067173123799,0
159,1103,5.49689057707933,2024-04-12,2,1.4,A170,Unknown,78.0,3.3,Neutral,26.58875623083173,5.625251773597163,2024-04,16.49067173123799,0
140,1104,5.622851574058423,2024-04-13,3,2.3,A145,Twitter,92.0,2.4,Neutral,30.569140629623366,5.622851574058423,2024-04,5.622851574058423,0
128,1105,5.282011043436311,2024-04-14,0,4.8,A132,LinkedIn,63.0,3.3,Positive,22.00280441737452,5.282011043436311,2024-04,26.410055217181558,1
128,1105,5.282011043436311,2024-04-14,0,4.8,A132,LinkedIn,63.0,3.3,Positive,22.00280441737452,5.282011043436311,2024-04,26.410055217181558,1
128,1105,5.282011043436311,2024-04-14,0,4.8,A132,LinkedIn,63.0,3.3,Positive,22.00280441737452,5.282011043436311,2024-04,26.410055217181558,1
128,1105,5.282011043436311,2024-04-14,0,4.8,A132,LinkedIn,63.0,3.3,Positive,22.00280441737452,5.282011043436311,2024-04,26.410055217181558,1
128,1105,5.282011043436311,2024-04-14,0,4.8,A132,LinkedIn,63.0,3.3,Positive,22.00280441737452,5.282011043436311,2024-04,26.410055217181558,1
114,1106,5.418958124516997,2024-04-15,1,4.8,A171,Unknown,78.0,3.3,Neutral,26.557583249806797,5.447275840541193,2024-04,5.418958124516997,0
144,1107,6.0755503588184405,2024-04-16,1,3.3,A116,Twitter,78.0,1.1,Negative,26.160220143527372,6.0755503588184405,2024-04,60.7555035881844,-1
144,1107,6.0755503588184405,2024-04-16,1,3.3,A116,LinkedIn,89.0,2.4,Neutral,29.850220143527373,6.0755503588184405,2024-04,60.7555035881844,0
144,1107,6.0755503588184405,2024-04-16,1,3.3,A116,Instagram,81.0,4.6,Neutral,28.110220143527375,6.0755503588184405,2024-04,60.7555035881844,0
144,1107,6.0755503588184405,2024-04-16,1,3.3,A116,TikTok,83.0,1.2,Negative,27.690220143527373,6.0755503588184405,2024-04,60.7555035881844,-1
144,1107,6.0755503588184405,2024-04-16,1,3.3,A116,Twitter,78.0,1.1,Negative,26.160220143527372,6.0755503588184405,2024-04,60.7555035881844,-1
144,1107,6.0755503588184405,2024-04-16,1,3.3,A116,Twitter,78.0,1.1,Negative,26.160220143527372,6.0755503588184405,2024-04,60.7555035881844,-1
144,1107,6.0755503588184405,2024-04-16,1,3.3,A116,LinkedIn,89.0,2.4,Neutral,29.850220143527373,6.0755503588184405,2024-04,60.7555035881844,0
144,1107,6.0755503588184405,2024-04-16,1,3.3,A116,Instagram,81.0,4.6,Neutral,28.110220143527375,6.0755503588184405,2024-04,60.7555035881844,0
144,1107,6.0755503588184405,2024-04-16,1,3.3,A116,TikTok,83.0,1.2,Negative,27.690220143527373,6.0755503588184405,2024-04,60.7555035881844,-1
144,1107,6.0755503588184405,2024-04-16,1,3.3,A116,Twitter,78.0,1.1,Negative,26.160220143527372,6.0755503588184405,2024-04,60.7555035881844,-1
164,1108,5.755541772716193,2024-04-17,3,3.5,A119,Unknown,78.0,3.3,Neutral,26.692216709086473,5.755541772716193,2024-04,5.755541772716193,0
188,1109,5.923771171693248,2024-04-18,1,2.8,A192,Instagram,60.0,4.3,Positive,21.6595084686773,5.482182795350395,2024-04,10.491161458895505,1
170,1110,6.149819974719828,2024-04-19,2,2.985,A181,Twitter,66.0,2.1,Positive,22.88992798988793,6.062259875041849,2024-04,6.149819974719828,1
108,1111,5.482463704407445,2024-04-20,0,2.3,Unknown_ID,Unknown,78.0,3.3,Neutral,26.582985481762975,5.311401102841842,2024-04,5.482463704407445,0
187,1112,5.451949779893701,2024-04-21,4,3.7,A124,TikTok,75.0,4.6,Neutral,26.06077991195748,6.025281019352434,2024-04,67.5023260212957,0
187,1112,5.451949779893701,2024-04-21,4,3.7,A124,Facebook,95.0,3.7,Positive,31.79077991195748,5.834170606199522,2024-04,67.5023260212957,1
187,1112,5.451949779893701,2024-04-21,4,3.7,A124,LinkedIn,77.0,3.2,Positive,26.24077991195748,5.738615399623066,2024-04,67.5023260212957,1
187,1112,5.451949779893701,2024-04-21,4,3.7,A124,TikTok,75.0,4.6,Neutral,26.06077991195748,5.547504986470156,2024-04,67.5023260212957,0
187,1112,5.451949779893701,2024-04-21,4,3.7,A124,Facebook,95.0,3.7,Positive,31.79077991195748,5.643060193046613,2024-04,67.5023260212957,1
187,1112,5.451949779893701,2024-04-21,4,3.7,A124,LinkedIn,77.0,3.2,Positive,26.24077991195748,5.9297258127759775,2024-04,67.5023260212957,1
100,1113,5.236629670749437,2024-04-22,1,4.0,Unknown_ID,Unknown,78.0,3.3,Neutral,26.48465186829977,5.236629670749437,2024-04,5.236629670749437,0
107,1114,6.027908380209111,2024-04-23,2,4.2,Unknown_ID,Unknown,78.0,3.3,Neutral,26.80116335208364,5.837530784827898,2024-04,11.991326821070782,0
187,1115,5.798437890322249,2024-04-24,4,4.2,A124,TikTok,75.0,4.6,Neutral,26.199375156128898,5.699441287342664,2024-04,67.5023260212957,0
187,1115,5.798437890322249,2024-04-24,4,4.2,A124,Facebook,95.0,3.7,Positive,31.9293751561289,5.649942985852872,2024-04,67.5023260212957,1
187,1115,5.798437890322249,2024-04-24,4,4.2,A124,LinkedIn,77.0,3.2,Positive,26.379375156128898,5.600444684363079,2024-04,67.5023260212957,1
187,1115,5.798437890322249,2024-04-24,4,4.2,A124,TikTok,75.0,4.6,Neutral,26.199375156128898,5.748939588832457,2024-04,67.5023260212957,0
187,1115,5.798437890322249,2024-04-24,4,4.2,A124,Facebook,95.0,3.7,Positive,31.9293751561289,5.501448081383493,2024-04,67.5023260212957,1
187,1115,5.798437890322249,2024-04-24,4,4.2,A124,LinkedIn,77.0,3.2,Positive,26.379375156128898,5.550946382873286,2024-04,67.5023260212957,1
162,1116,5.848629607224801,2024-04-25,0,1.4,A110,Unknown,78.0,3.3,Neutral,26.72945184288992,4.991470916870848,2024-04,17.545888821674403,0
162,1116,5.848629607224801,2024-04-25,0,1.4,A110,Unknown,78.0,3.3,Neutral,26.72945184288992,5.162902654941639,2024-04,17.545888821674403,0
162,1116,5.848629607224801,2024-04-25,0,1.4,A110,Unknown,78.0,3.3,Neutral,26.72945184288992,5.277190480322166,2024-04,17.545888821674403,0
110,1117,5.754497729735732,2024-04-26,4,3.0,A137,LinkedIn,93.0,3.5,Neutral,31.25179909189429,5.754497729735732,2024-04,11.508995459471464,0
110,1117,5.754497729735732,2024-04-26,4,3.0,A137,TikTok,99.0,3.1,Positive,32.93179909189429,5.754497729735732,2024-04,11.508995459471464,1
180,1118,5.962492153785551,2024-04-27,2,1.2,A121,LinkedIn,74.0,3.5,Positive,25.63499686151422,5.434948084359693,2024-04,23.849968615142203,1
180,1118,5.962492153785551,2024-04-27,2,1.2,A121,TikTok,95.0,3.2,Neutral,31.844996861514222,5.522872095930669,2024-04,23.849968615142203,0
180,1118,5.962492153785551,2024-04-27,2,1.2,A121,LinkedIn,74.0,3.5,Positive,25.63499686151422,5.58567496133851,2024-04,23.849968615142203,1
180,1118,5.962492153785551,2024-04-27,2,1.2,A121,TikTok,95.0,3.2,Neutral,31.844996861514222,5.67987925945027,2024-04,23.849968615142203,0
107,1119,5.96341844086167,2024-04-28,4,3.2,Unknown_ID,Unknown,78.0,3.3,Neutral,26.775367376344665,5.879493336839155,2024-04,11.991326821070782,0
134,1120,4.94680904169914,2024-04-29,3,2.8,A120,Facebook,83.0,1.4,Positive,27.298723616679656,5.283912886378807,2024-04,31.607764254031252,1
134,1120,4.94680904169914,2024-04-29,3,2.8,A120,Instagram,56.0,3.0,Positive,19.678723616679655,5.35133365531474,2024-04,31.607764254031252,1
134,1120,4.94680904169914,2024-04-29,3,2.8,A120,Instagram,92.0,3.6,Positive,30.65872361667965,5.45246480871864,2024-04,31.607764254031252,1
134,1121,5.589112376311277,2024-04-30,4,4.6,A120,Facebook,83.0,1.4,Positive,27.55564495052451,5.327512813512016,2024-04,31.607764254031252,1
134,1121,5.589112376311277,2024-04-30,4,4.6,A120,Instagram,56.0,3.0,Positive,19.93564495052451,5.322955048548131,2024-04,31.607764254031252,1
134,1121,5.589112376311277,2024-04-30,4,4.6,A120,Instagram,92.0,3.6,Positive,30.91564495052451,5.318397283584246,2024-04,31.607764254031252,1
132,1122,6.040599762438734,2024-05-01,1,2.4,A189,LinkedIn,78.0,2.7,Negative,26.626239904975492,6.040599762438734,2024-05,116.89694700485278,-1
132,1122,6.040599762438734,2024-05-01,1,2.4,A189,TikTok,99.0,4.1,Neutral,33.34623990497549,6.040599762438734,2024-05,116.89694700485278,0
132,1122,6.040599762438734,2024-05-01,1,2.4,A189,Facebook,94.0,3.8,Negative,31.756239904975494,4.394165694888445,2024-05,116.89694700485278,-1
132,1122,6.040599762438734,2024-05-01,1,2.4,A189,Twitter,59.0,3.8,Neutral,21.256239904975494,4.668571372813493,2024-05,116.89694700485278,0
132,1122,6.040599762438734,2024-05-01,1,2.4,A189,Twitter,59.0,3.8,Neutral,21.256239904975494,4.94297705073854,2024-05,116.89694700485278,0
132,1122,6.040599762438734,2024-05-01,1,2.4,A189,LinkedIn,78.0,2.7,Negative,26.626239904975492,5.217382728663589,2024-05,116.89694700485278,-1
132,1122,6.040599762438734,2024-05-01,1,2.4,A189,TikTok,99.0,4.1,Neutral,33.34623990497549,5.491788406588638,2024-05,116.89694700485278,0
132,1122,6.040599762438734,2024-05-01,1,2.4,A189,Facebook,94.0,3.8,Negative,31.756239904975494,5.766194084513685,2024-05,116.89694700485278,-1
132,1122,6.040599762438734,2024-05-01,1,2.4,A189,Twitter,59.0,3.8,Neutral,21.256239904975494,6.040599762438734,2024-05,116.89694700485278,0
132,1122,6.040599762438734,2024-05-01,1,2.4,A189,Twitter,59.0,3.8,Neutral,21.256239904975494,6.040599762438734,2024-05,116.89694700485278,0
104,1123,5.674286702314866,2024-05-02,1,1.5,A192,Instagram,60.0,4.3,Positive,21.559714680925946,5.674286702314866,2024-05,11.708820827350332,1
140,1124,5.274722875912635,2024-05-03,3,1.6,A145,Twitter,92.0,2.4,Neutral,30.42988915036505,5.448787224985528,2024-05,5.274722875912635,0
127,1125,4.972908245228575,2024-05-04,2,4.0,A144,Twitter,70.0,1.3,Positive,23.37916329809143,4.972908245228575,2024-05,4.972908245228575,1
106,1126,5.572849100844422,2024-05-05,1,3.5,A121,LinkedIn,74.0,3.5,Positive,25.47913964033777,5.785133728471497,2024-05,22.29139640337769,1
106,1126,5.572849100844422,2024-05-05,1,3.5,A121,TikTok,95.0,3.2,Neutral,31.68913964033777,5.855895271013856,2024-05,22.29139640337769,0
106,1126,5.572849100844422,2024-05-05,1,3.5,A121,LinkedIn,74.0,3.5,Positive,25.47913964033777,5.96911373908163,2024-05,22.29139640337769,1
106,1126,5.572849100844422,2024-05-05,1,3.5,A121,TikTok,95.0,3.2,Neutral,31.68913964033777,5.903069632708761,2024-05,22.29139640337769,0
172,1127,5.148112409677033,2024-05-06,0,1.4,Unknown_ID,Unknown,78.0,3.3,Neutral,26.44924496387081,5.295116294659314,2024-05,5.148112409677033,0
171,1128,5.525393645613886,2024-05-07,1,1.3,Unknown_ID,Unknown,78.0,3.3,Neutral,26.60015745824555,5.002300988834831,2024-05,5.525393645613886,0
111,1129,5.993098316969819,2024-05-08,1,3.8,A137,LinkedIn,93.0,3.5,Neutral,31.34723932678793,5.993098316969819,2024-05,23.972393267879276,0
111,1129,5.993098316969819,2024-05-08,1,3.8,A137,TikTok,99.0,3.1,Positive,33.02723932678793,5.993098316969819,2024-05,23.972393267879276,1
111,1129,5.993098316969819,2024-05-08,1,3.8,A137,LinkedIn,93.0,3.5,Neutral,31.34723932678793,5.993098316969819,2024-05,23.972393267879276,0
111,1129,5.993098316969819,2024-05-08,1,3.8,A137,TikTok,99.0,3.1,Positive,33.02723932678793,5.993098316969819,2024-05,23.972393267879276,1
133,1130,5.924441833508222,2024-05-09,2,1.3,Unknown_ID,Unknown,78.0,3.3,Neutral,26.759776733403285,5.979486132922923,2024-05,5.924441833508222,0
132,1131,5.649094938046543,2024-05-10,4,4.3,A189,LinkedIn,78.0,2.7,Negative,26.469637975218614,5.928741241183822,2024-05,116.89694700485278,-1
132,1131,5.649094938046543,2024-05-10,4,4.3,A189,TikTok,99.0,4.1,Neutral,33.189637975218616,5.705024198673999,2024-05,116.89694700485278,0
132,1131,5.649094938046543,2024-05-10,4,4.3,A189,Facebook,94.0,3.8,Negative,31.599637975218617,5.872811980556366,2024-05,116.89694700485278,-1
132,1131,5.649094938046543,2024-05-10,4,4.3,A189,Twitter,59.0,3.8,Neutral,21.099637975218617,5.984670501811278,2024-05,116.89694700485278,0
132,1131,5.649094938046543,2024-05-10,4,4.3,A189,Twitter,59.0,3.8,Neutral,21.099637975218617,5.649094938046543,2024-05,116.89694700485278,0
132,1131,5.649094938046543,2024-05-10,4,4.3,A189,LinkedIn,78.0,2.7,Negative,26.469637975218614,5.649094938046543,2024-05,116.89694700485278,-1
132,1131,5.649094938046543,2024-05-10,4,4.3,A189,TikTok,99.0,4.1,Neutral,33.189637975218616,5.649094938046543,2024-05,116.89694700485278,0
132,1131,5.649094938046543,2024-05-10,4,4.3,A189,Facebook,94.0,3.8,Negative,31.599637975218617,5.649094938046543,2024-05,116.89694700485278,-1
132,1131,5.649094938046543,2024-05-10,4,4.3,A189,Twitter,59.0,3.8,Neutral,21.099637975218617,5.760953459301454,2024-05,116.89694700485278,0
132,1131,5.649094938046543,2024-05-10,4,4.3,A189,Twitter,59.0,3.8,Neutral,21.099637975218617,5.816882719928911,2024-05,116.89694700485278,0
147,1132,5.291400132325736,2024-05-11,1,3.8,A159,Unknown,78.0,3.3,Neutral,26.50656005293029,5.381430530010499,2024-05,5.291400132325736,0
122,1133,5.716779514864612,2024-05-12,3,1.3,A123,Unknown,78.0,3.3,Neutral,26.676711805945843,5.716779514864612,2024-05,5.716779514864612,0
161,1134,6.190138814690347,2024-05-13,4,1.3,A118,Facebook,76.0,3.9,Negative,26.44605552587614,5.0956870615087135,2024-05,6.190138814690347,-1
187,1135,6.114599424802314,2024-05-14,0,4.9,A124,TikTok,75.0,4.6,Neutral,26.325839769920925,5.843603823819401,2024-05,36.687596548813886,0
187,1135,6.114599424802314,2024-05-14,0,4.9,A124,Facebook,95.0,3.7,Positive,32.05583976992093,5.888769757316553,2024-05,36.687596548813886,1
187,1135,6.114599424802314,2024-05-14,0,4.9,A124,LinkedIn,77.0,3.2,Positive,26.505839769920925,5.933935690813705,2024-05,36.687596548813886,1
187,1135,6.114599424802314,2024-05-14,0,4.9,A124,TikTok,75.0,4.6,Neutral,26.325839769920925,5.979101624310857,2024-05,36.687596548813886,0
187,1135,6.114599424802314,2024-05-14,0,4.9,A124,Facebook,95.0,3.7,Positive,32.05583976992093,6.02426755780801,2024-05,36.687596548813886,1
187,1135,6.114599424802314,2024-05-14,0,4.9,A124,LinkedIn,77.0,3.2,Positive,26.505839769920925,6.069433491305162,2024-05,36.687596548813886,1
136,1136,6.060357602114292,2024-05-15,2,2.5,A107,Twitter,96.0,1.9,Neutral,31.794143040845714,6.060357602114292,2024-05,36.36214561268575,0
136,1136,6.060357602114292,2024-05-15,2,2.5,A107,Facebook,62.0,4.4,Positive,22.344143040845715,6.060357602114292,2024-05,36.36214561268575,1
136,1136,6.060357602114292,2024-05-15,2,2.5,A107,Twitter,73.0,4.2,Positive,25.584143040845717,6.060357602114292,2024-05,36.36214561268575,1
136,1136,6.060357602114292,2024-05-15,2,2.5,A107,Twitter,96.0,1.9,Neutral,31.794143040845714,6.060357602114292,2024-05,36.36214561268575,0
136,1136,6.060357602114292,2024-05-15,2,2.5,A107,Facebook,62.0,4.4,Positive,22.344143040845715,6.060357602114292,2024-05,36.36214561268575,1
136,1136,6.060357602114292,2024-05-15,2,2.5,A107,Twitter,73.0,4.2,Positive,25.584143040845717,6.060357602114292,2024-05,36.36214561268575,1
198,1137,5.927872179573685,2024-05-16,0,2.5,A132,LinkedIn,63.0,3.3,Positive,22.26114887182947,5.927872179573685,2024-05,23.946324145635458,1
198,1137,5.927872179573685,2024-05-16,0,2.5,A132,LinkedIn,63.0,3.3,Positive,22.26114887182947,5.927872179573685,2024-05,23.946324145635458,1
143,1138,5.224827628353756,2024-05-17,4,4.3,Unknown_ID,Unknown,78.0,3.3,Neutral,26.4799310513415,5.571944941996796,2024-05,5.224827628353756,0
185,1139,5.312871165452876,2024-05-18,4,4.8,Unknown_ID,Unknown,78.0,3.3,Neutral,26.51514846618115,5.312871165452876,2024-05,5.312871165452876,0
190,1140,5.917759577009019,2024-05-19,4,4.9,A133,Twitter,72.0,1.9,Positive,24.537103830803606,5.859174013898534,2024-05,35.50655746205411,1
190,1140,5.917759577009019,2024-05-19,4,4.9,A133,Twitter,71.0,4.8,Negative,25.10710383080361,5.839645492861708,2024-05,35.50655746205411,-1
190,1140,5.917759577009019,2024-05-19,4,4.9,A133,Instagram,52.0,2.7,Positive,18.777103830803608,5.898231055972191,2024-05,35.50655746205411,1
190,1140,5.917759577009019,2024-05-19,4,4.9,A133,Twitter,72.0,1.9,Positive,24.537103830803606,5.878702534935363,2024-05,35.50655746205411,1
190,1140,5.917759577009019,2024-05-19,4,4.9,A133,Twitter,71.0,4.8,Negative,25.10710383080361,5.8005884507880525,2024-05,35.50655746205411,-1
190,1140,5.917759577009019,2024-05-19,4,4.9,A133,Instagram,52.0,2.7,Positive,18.777103830803608,5.82011697182488,2024-05,35.50655746205411,1
134,1141,5.512951869911336,2024-05-20,0,4.0,A120,Facebook,83.0,1.4,Positive,27.525180747964534,5.302959446277512,2024-05,16.538855609734007,1
134,1141,5.512951869911336,2024-05-20,0,4.0,A120,Instagram,56.0,3.0,Positive,19.905180747964533,5.464714540052426,2024-05,16.538855609734007,1
134,1141,5.512951869911336,2024-05-20,0,4.0,A120,Instagram,92.0,3.6,Positive,30.885180747964533,5.383836993164969,2024-05,16.538855609734007,1
164,1142,5.963003914560147,2024-05-21,4,2.5,A119,Unknown,78.0,3.3,Neutral,26.775201565824055,5.85927284363817,2024-05,5.963003914560147,0
198,1143,6.045289893244044,2024-05-22,0,2.985,A132,LinkedIn,63.0,3.3,Positive,22.308115957297616,5.967011417463804,2024-05,23.946324145635458,1
198,1143,6.045289893244044,2024-05-22,0,2.985,A132,LinkedIn,63.0,3.3,Positive,22.308115957297616,5.9865810364088645,2024-05,23.946324145635458,1
146,1144,6.122794192256538,2024-05-23,4,4.1,A113,Facebook,98.0,2.7,Neutral,32.65911767690262,6.047367130351838,2024-05,36.736765153539224,0
146,1144,6.122794192256538,2024-05-23,4,4.1,A113,Instagram,50.0,1.0,Positive,17.749117676902618,6.009653599399489,2024-05,36.736765153539224,1
146,1144,6.122794192256538,2024-05-23,4,4.1,A113,Facebook,98.0,2.7,Neutral,32.65911767690262,5.971940068447139,2024-05,36.736765153539224,0
146,1144,6.122794192256538,2024-05-23,4,4.1,A113,Instagram,50.0,1.0,Positive,17.749117676902618,6.085080661304189,2024-05,36.736765153539224,1
146,1144,6.122794192256538,2024-05-23,4,4.1,A113,Facebook,98.0,2.7,Neutral,32.65911767690262,5.896513006542439,2024-05,36.736765153539224,0
146,1144,6.122794192256538,2024-05-23,4,4.1,A113,Instagram,50.0,1.0,Positive,17.749117676902618,5.934226537494788,2024-05,36.736765153539224,1
177,1145,5.136432095897948,2024-05-24,3,3.2,A174,Facebook,95.0,2.9,Neutral,31.42457283835918,5.271524077116817,2024-05,20.545728383591793,0
177,1145,5.136432095897948,2024-05-24,3,3.2,A174,TikTok,64.0,3.8,Positive,22.394572838359178,5.186941273846618,2024-05,20.545728383591793,1
177,1145,5.136432095897948,2024-05-24,3,3.2,A174,Facebook,95.0,2.9,Neutral,31.42457283835918,5.237650871806496,2024-05,20.545728383591793,0
177,1145,5.136432095897948,2024-05-24,3,3.2,A174,TikTok,64.0,3.8,Positive,22.394572838359178,5.203777666496175,2024-05,20.545728383591793,1
102,1146,4.387082726984874,2024-05-25,4,2.7,Unknown_ID,Unknown,78.0,3.3,Neutral,26.144833090793945,4.969560774414133,2024-05,4.387082726984874,0
100,1147,5.889151003726491,2024-05-26,0,4.6,Unknown_ID,Unknown,78.0,3.3,Neutral,26.745660401490593,5.562890337237964,2024-05,5.889151003726491,0
104,1148,6.034534125035465,2024-05-27,1,1.4,A192,Instagram,60.0,4.3,Positive,21.703813650014187,5.854410413675166,2024-05,11.708820827350332,1
189,1149,5.238403678410544,2024-05-28,4,3.0,A173,TikTok,63.0,4.3,Negative,22.285361471364215,5.576361721510599,2024-05,10.476807356821087,-1
189,1149,5.238403678410544,2024-05-28,4,3.0,A173,Facebook,78.0,3.9,Negative,26.665361471364214,5.5200353809939235,2024-05,10.476807356821087,-1
113,1150,5.8476097332516455,2024-05-29,1,1.0,A196,Instagram,85.0,3.9,Negative,29.009043893300657,5.760335665927784,2024-05,5.8476097332516455,-1
997,1323,5.431513973729039,2024-01-01,2,2.909482758620689,Unknown_ID,Unknown,78.0,3.3,Neutral,26.562605589491614,5.431513973729039,2024-01,16.590456272762033,0
997,1323,5.584739165241736,2024-01-01,4,4.296078431372549,Unknown_ID,Unknown,78.0,3.3,Neutral,26.62389566609669,5.508126569485388,2024-01,16.590456272762033,0
997,1323,5.574203133791257,2024-01-01,2,1.4609756097560975,Unknown_ID,Unknown,78.0,3.3,Neutral,26.6196812535165,5.530152090920677,2024-01,16.590456272762033,0
